Workbook

Sheet transaction_raw
A1: transaction_id | B1: transaction_date | C1: merchant_name | D1: raw_amount | E1: currency | F1: status | G1: risk_score | H1: gateway_region | I1: user_id | J1: payment_method
A2: T001 | B2: 46082 | C2: alpha mart | D2: 420000 | E2: INR | F2: captured | G2: score:62 | H2: APAC | I2: U001 | J2: UPI
A3: T002 | B3: 46082 | C3: ALPHA MART | D3: 210000 | E3: INR | F3: Captured | G3: 55 | I3: U002 | J3: Card
A4: T003 | B4: 46082 | C4: BETA STORES | D4: 510000 | E4: INR | F4: CAPTURED | G4: 71 | H4: APAC | I4: U003 | J4: NetBanking
A5: T004 | B5: 46083 | C5: Beta Stores | D5: 160000 | E5: INR | F5: failed e05 timeout | G5: 68 | H5: apac | I5: U004 | J5: Card
A6: T005 | B6: 46083 | C6: Alpha Mart | D6: 390000 | E6: INR | F6: CAPTURED | G6: 58 | I6: U001 | J6: UPI
A7: T006 | B7: 46083 | C7: Beta Stores | D7: 275000 | E7: INR | F7: Captured | G7: score:64 | I7: U005 | J7: Wallet
A8: T007 | B8: 46083 | C8: Alpha Mart | D8: 450000 | E8: INR | F8: chargeback | G8: risk-83 | H8: APAC | I8: U006 | J8: Card
A9: T008 | B9: 46084 | C9: BETA STORES | D9: 340000 | E9: INR | F9: Captured | G9: 59 | I9: U007 | J9: UPI
A10: T009 | B10: 46084 | C10: Alpha Mart | D10: 125000 | E10: INR | F10: captured | G10: 46 | H10: APAC | I10: U002 | J10: Wallet
A11: T010 | B11: 46084 | C11: Beta Stores | D11: 610000 | E11: INR | F11: captured | G11: risk-77 | I11: U003 | J11: Card
A12: T011 | B12: 46084 | C12: Alpha Mart | D12: 195000 | E12: INR | F12: FAILED e05 TIMEOUT | I12: U008 | J12: UPI
A13: T012 | B13: 46085 | C13: Beta Stores | D13: 250000 | E13: INR | F13: captured | G13: risk-61 | H13: APAC | I13: U009 | J13: Card
A14: T013 | B14: 46085 | C14: alpha mart | D14: 310000 | E14: INR | F14: captured | G14: score:54 | H14: APAC | I14: U010 | J14: UPI
A15: T014 | B15: 46085 | C15: Beta Stores | D15: 470000 | E15: INR | F15: captured | G15: risk-73 | H15: APAC | I15: U001 | J15: NetBanking
A16: T015 | B16: 46085 | C16: Alpha Mart | D16: 130000 | E16: INR | F16: captured | G16: score:52 | I16: U002 | J16: Card
A17: T016 | B17: 46086 | C17: Beta Stores | D17: 220000 | E17: INR | F17: failed E05 timeout | G17: risk-69 | I17: U008 | J17: Card
A18: T017 | B18: 46086 | C18: Beta Stores | D18: 180000 | E18: INR | F18: Failed E05 Timeout | G18: score:72 | H18: apac | I18: U008 | J18: Card
A19: T018 | B19: 46086 | C19: BETA STORES | D19: 145000 | E19: INR | F19: chargeback | G19: risk-86 | H19: APAC | I19: U008 | J19: UPI
A20: T019 | B20: 46086 | C20: Alpha Mart | D20: 260000 | E20: INR | F20: Failed E05 Timeout | G20: score:67 | H20: apac | I20: U008 | J20: Wallet
A21: T020 | B21: 46086 | C21: Alpha Mart | D21: 520000 | E21: INR | F21: Captured | G21: 75 | H21: APAC | I21: U005 | J21: UPI
A22: T021 | B22: 46087 | C22: beta stores | D22: 330000 | E22: INR | F22: captured | G22: score:63 | I22: U006 | J22: Card
A23: T022 | B23: 46087 | C23: ALPHA MART | D23: 410000 | E23: INR | F23: captured | G23: 60 | H23: APAC | I23: U007 | J23: UPI
A24: T023 | B24: 46082 | C24: City Pharma | D24: 5200 | E24: EUR | F24: Captured | G24: 42 | H24: EU | I24: U003 | J24: Card
A25: T024 | B25: 46083 | C25: Eco Home | D25: 6100 | E25: EUR | F25: chargeback | G25: score:65 | H25: EU | I25: U004 | J25: Card
A26: T025 | B26: 46084 | C26: City Pharma | D26: 2800 | E26: EUR | F26: captured | G26: 38 | H26: eu | I26: U005 | J26: Wallet
A27: T026 | B27: 46086 | C27: Eco Home | D27: 3300 | E27: EUR | F27: Failed E05 Timeout | G27: 44 | H27: EU | I27: U006 | J27: NetBanking
A28: T027 | B28: 46082 | C28: DELTA TRAVELS | D28: 7200 | E28: USD | F28: captured | G28: 49 | H28: us | I28: U007 | J28: Card
A29: T028 | B29: 46083 | C29: Delta Travels | D29: 3100 | E29: USD | F29: CAPTURED | G29: risk-41 | H29: US | I29: U008 | J29: Card
A30: T029 | B30: 46085 | C30: delta travels | D30: 2500 | E30: USD | F30: chargeback | G30: score:58 | H30: US | I30: U009 | J30: Wallet
A31: T030 | B31: 46087 | C31: DELTA TRAVELS | D31: 1800 | E31: USD | F31: Failed E05 Timeout | G31: score:47 | H31: US | I31: U010 | J31: UPI

Sheet transaction_cleaned
A1: transaction_id | B1: transaction_date | C1: merchant_name | D1: raw_amount | E1: currency | F1: amount_USD | G1: status | H1: risk_score | I1: gateway_region | J1: user_id | K1: payment_method | L1: high value flag | M1: high risk flag
A2: T001 | B2: =TEXT(transaction_raw!B2, "yyyy/mm/dd") -> 2026/03/01 | C2: =PROPER(TRIM(transaction_raw!C2)) -> Alpha Mart | D2: 420000 | E2: INR | F2: =D2 * SUMIFS(exchange_rates!$C$2:$C$19, exchange_rates!$A$2:$A$19, transaction_cleaned!B2, exchange_rates!$B$2:$B$19, transaction_cleaned!E2) -> 4998 | G2: =IF(COUNTIF(transaction_raw!F2, "*chargeback*"), "chargeback", IF(COUNTIF(transaction_raw!F2, "*fail*"), "failed", "captured")) -> captured | H2: =IF(transaction_raw!G2="", "blank", IF(ISNUMBER(transaction_raw!G2), transaction_raw!G2, VALUE(RIGHT(transaction_raw!G2, 2)))) -> 62 | I2: =IF(transaction_raw!H2 = "", "blank", TRIM(UPPER(transaction_raw!H2))) -> APAC | J2: U001 | K2: UPI | L2: =IF(AND(I2="APAC", F2>5000), 1, IF(AND(I2="AU", F2>6000), 1, IF(AND(I2="US", F2>7000), 1, 0))) -> 0 | M2: =IF(OR(H2>=70, ISNUMBER(SEARCH("chargeback", G2))), 1, 0) -> 0
A3: T002 | B3: =TEXT(transaction_raw!B3, "yyyy/mm/dd") -> 2026/03/01 | C3: =PROPER(TRIM(transaction_raw!C3)) -> Alpha Mart | D3: 210000 | E3: INR | F3: =D3 * SUMIFS(exchange_rates!$C$2:$C$19, exchange_rates!$A$2:$A$19, transaction_cleaned!B3, exchange_rates!$B$2:$B$19, transaction_cleaned!E3) -> 2499 | G3: =IF(COUNTIF(transaction_raw!F3, "*chargeback*"), "chargeback", IF(COUNTIF(transaction_raw!F3, "*fail*"), "failed", "captured")) -> captured | H3: =IF(transaction_raw!G3="", "blank", IF(ISNUMBER(transaction_raw!G3), transaction_raw!G3, VALUE(RIGHT(transaction_raw!G3, 2)))) -> 55 | I3: =IF(transaction_raw!H3 = "", "blank", TRIM(UPPER(transaction_raw!H3))) -> blank | J3: U002 | K3: Card | L3: =IF(AND(I3="APAC", F3>5000), 1, IF(AND(I3="AU", F3>6000), 1, IF(AND(I3="US", F3>7000), 1, 0))) -> 0 | M3: =IF(OR(H3>=70, ISNUMBER(SEARCH("chargeback", G3))), 1, 0) -> 0
A4: T003 | B4: =TEXT(transaction_raw!B4, "yyyy/mm/dd") -> 2026/03/01 | C4: =PROPER(TRIM(transaction_raw!C4)) -> Beta Stores | D4: 510000 | E4: INR | F4: =D4 * SUMIFS(exchange_rates!$C$2:$C$19, exchange_rates!$A$2:$A$19, transaction_cleaned!B4, exchange_rates!$B$2:$B$19, transaction_cleaned!E4) -> 6069 | G4: =IF(COUNTIF(transaction_raw!F4, "*chargeback*"), "chargeback", IF(COUNTIF(transaction_raw!F4, "*fail*"), "failed", "captured")) -> captured | H4: =IF(transaction_raw!G4="", "blank", IF(ISNUMBER(transaction_raw!G4), transaction_raw!G4, VALUE(RIGHT(transaction_raw!G4, 2)))) -> 71 | I4: =IF(transaction_raw!H4 = "", "blank", TRIM(UPPER(transaction_raw!H4))) -> APAC | J4: U003 | K4: NetBanking | L4: =IF(AND(I4="APAC", F4>5000), 1, IF(AND(I4="AU", F4>6000), 1, IF(AND(I4="US", F4>7000), 1, 0))) -> 1 | M4: =IF(OR(H4>=70, ISNUMBER(SEARCH("chargeback", G4))), 1, 0) -> 1
A5: T004 | B5: =TEXT(transaction_raw!B5, "yyyy/mm/dd") -> 2026/03/02 | C5: =PROPER(TRIM(transaction_raw!C5)) -> Beta Stores | D5: 160000 | E5: INR | F5: =D5 * SUMIFS(exchange_rates!$C$2:$C$19, exchange_rates!$A$2:$A$19, transaction_cleaned!B5, exchange_rates!$B$2:$B$19, transaction_cleaned!E5) -> 1920 | G5: =IF(COUNTIF(transaction_raw!F5, "*chargeback*"), "chargeback", IF(COUNTIF(transaction_raw!F5, "*fail*"), "failed", "captured")) -> failed | H5: =IF(transaction_raw!G5="", "blank", IF(ISNUMBER(transaction_raw!G5), transaction_raw!G5, VALUE(RIGHT(transaction_raw!G5, 2)))) -> 68 | I5: =IF(transaction_raw!H5 = "", "blank", TRIM(UPPER(transaction_raw!H5))) -> APAC | J5: U004 | K5: Card | L5: =IF(AND(I5="APAC", F5>5000), 1, IF(AND(I5="AU", F5>6000), 1, IF(AND(I5="US", F5>7000), 1, 0))) -> 0 | M5: =IF(OR(H5>=70, ISNUMBER(SEARCH("chargeback", G5))), 1, 0) -> 0
A6: T005 | B6: =TEXT(transaction_raw!B6, "yyyy/mm/dd") -> 2026/03/02 | C6: =PROPER(TRIM(transaction_raw!C6)) -> Alpha Mart | D6: 390000 | E6: INR | F6: =D6 * SUMIFS(exchange_rates!$C$2:$C$19, exchange_rates!$A$2:$A$19, transaction_cleaned!B6, exchange_rates!$B$2:$B$19, transaction_cleaned!E6) -> 4680 | G6: =IF(COUNTIF(transaction_raw!F6, "*chargeback*"), "chargeback", IF(COUNTIF(transaction_raw!F6, "*fail*"), "failed", "captured")) -> captured | H6: =IF(transaction_raw!G6="", "blank", IF(ISNUMBER(transaction_raw!G6), transaction_raw!G6, VALUE(RIGHT(transaction_raw!G6, 2)))) -> 58 | I6: =IF(transaction_raw!H6 = "", "blank", TRIM(UPPER(transaction_raw!H6))) -> blank | J6: U001 | K6: UPI | L6: =IF(AND(I6="APAC", F6>5000), 1, IF(AND(I6="AU", F6>6000), 1, IF(AND(I6="US", F6>7000), 1, 0))) -> 0 | M6: =IF(OR(H6>=70, ISNUMBER(SEARCH("chargeback", G6))), 1, 0) -> 0
A7: T006 | B7: =TEXT(transaction_raw!B7, "yyyy/mm/dd") -> 2026/03/02 | C7: =PROPER(TRIM(transaction_raw!C7)) -> Beta Stores | D7: 275000 | E7: INR | F7: =D7 * SUMIFS(exchange_rates!$C$2:$C$19, exchange_rates!$A$2:$A$19, transaction_cleaned!B7, exchange_rates!$B$2:$B$19, transaction_cleaned!E7) -> 3300 | G7: =IF(COUNTIF(transaction_raw!F7, "*chargeback*"), "chargeback", IF(COUNTIF(transaction_raw!F7, "*fail*"), "failed", "captured")) -> captured | H7: =IF(transaction_raw!G7="", "blank", IF(ISNUMBER(transaction_raw!G7), transaction_raw!G7, VALUE(RIGHT(transaction_raw!G7, 2)))) -> 64 | I7: =IF(transaction_raw!H7 = "", "blank", TRIM(UPPER(transaction_raw!H7))) -> blank | J7: U005 | K7: Wallet | L7: =IF(AND(I7="APAC", F7>5000), 1, IF(AND(I7="AU", F7>6000), 1, IF(AND(I7="US", F7>7000), 1, 0))) -> 0 | M7: =IF(OR(H7>=70, ISNUMBER(SEARCH("chargeback", G7))), 1, 0) -> 0
A8: T007 | B8: =TEXT(transaction_raw!B8, "yyyy/mm/dd") -> 2026/03/02 | C8: =PROPER(TRIM(transaction_raw!C8)) -> Alpha Mart | D8: 450000 | E8: INR | F8: =D8 * SUMIFS(exchange_rates!$C$2:$C$19, exchange_rates!$A$2:$A$19, transaction_cleaned!B8, exchange_rates!$B$2:$B$19, transaction_cleaned!E8) -> 5400 | G8: =IF(COUNTIF(transaction_raw!F8, "*chargeback*"), "chargeback", IF(COUNTIF(transaction_raw!F8, "*fail*"), "failed", "captured")) -> chargeback | H8: =IF(transaction_raw!G8="", "blank", IF(ISNUMBER(transaction_raw!G8), transaction_raw!G8, VALUE(RIGHT(transaction_raw!G8, 2)))) -> 83 | I8: =IF(transaction_raw!H8 = "", "blank", TRIM(UPPER(transaction_raw!H8))) -> APAC | J8: U006 | K8: Card | L8: =IF(AND(I8="APAC", F8>5000), 1, IF(AND(I8="AU", F8>6000), 1, IF(AND(I8="US", F8>7000), 1, 0))) -> 1 | M8: =IF(OR(H8>=70, ISNUMBER(SEARCH("chargeback", G8))), 1, 0) -> 1
A9: T008 | B9: =TEXT(transaction_raw!B9, "yyyy/mm/dd") -> 2026/03/03 | C9: =PROPER(TRIM(transaction_raw!C9)) -> Beta Stores | D9: 340000 | E9: INR | F9: =D9 * SUMIFS(exchange_rates!$C$2:$C$19, exchange_rates!$A$2:$A$19, transaction_cleaned!B9, exchange_rates!$B$2:$B$19, transaction_cleaned!E9) -> 4114 | G9: =IF(COUNTIF(transaction_raw!F9, "*chargeback*"), "chargeback", IF(COUNTIF(transaction_raw!F9, "*fail*"), "failed", "captured")) -> captured | H9: =IF(transaction_raw!G9="", "blank", IF(ISNUMBER(transaction_raw!G9), transaction_raw!G9, VALUE(RIGHT(transaction_raw!G9, 2)))) -> 59 | I9: =IF(transaction_raw!H9 = "", "blank", TRIM(UPPER(transaction_raw!H9))) -> blank | J9: U007 | K9: UPI | L9: =IF(AND(I9="APAC", F9>5000), 1, IF(AND(I9="AU", F9>6000), 1, IF(AND(I9="US", F9>7000), 1, 0))) -> 0 | M9: =IF(OR(H9>=70, ISNUMBER(SEARCH("chargeback", G9))), 1, 0) -> 0
A10: T009 | B10: =TEXT(transaction_raw!B10, "yyyy/mm/dd") -> 2026/03/03 | C10: =PROPER(TRIM(transaction_raw!C10)) -> Alpha Mart | D10: 125000 | E10: INR | F10: =D10 * SUMIFS(exchange_rates!$C$2:$C$19, exchange_rates!$A$2:$A$19, transaction_cleaned!B10, exchange_rates!$B$2:$B$19, transaction_cleaned!E10) -> 1512.5 | G10: =IF(COUNTIF(transaction_raw!F10, "*chargeback*"), "chargeback", IF(COUNTIF(transaction_raw!F10, "*fail*"), "failed", "captured")) -> captured | H10: =IF(transaction_raw!G10="", "blank", IF(ISNUMBER(transaction_raw!G10), transaction_raw!G10, VALUE(RIGHT(transaction_raw!G10, 2)))) -> 46 | I10: =IF(transaction_raw!H10 = "", "blank", TRIM(UPPER(transaction_raw!H10))) -> APAC | J10: U002 | K10: Wallet | L10: =IF(AND(I10="APAC", F10>5000), 1, IF(AND(I10="AU", F10>6000), 1, IF(AND(I10="US", F10>7000), 1, 0))) -> 0 | M10: =IF(OR(H10>=70, ISNUMBER(SEARCH("chargeback", G10))), 1, 0) -> 0
A11: T010 | B11: =TEXT(transaction_raw!B11, "yyyy/mm/dd") -> 2026/03/03 | C11: =PROPER(TRIM(transaction_raw!C11)) -> Beta Stores | D11: 610000 | E11: INR | F11: =D11 * SUMIFS(exchange_rates!$C$2:$C$19, exchange_rates!$A$2:$A$19, transaction_cleaned!B11, exchange_rates!$B$2:$B$19, transaction_cleaned!E11) -> 7381 | G11: =IF(COUNTIF(transaction_raw!F11, "*chargeback*"), "chargeback", IF(COUNTIF(transaction_raw!F11, "*fail*"), "failed", "captured")) -> captured | H11: =IF(transaction_raw!G11="", "blank", IF(ISNUMBER(transaction_raw!G11), transaction_raw!G11, VALUE(RIGHT(transaction_raw!G11, 2)))) -> 77 | I11: =IF(transaction_raw!H11 = "", "blank", TRIM(UPPER(transaction_raw!H11))) -> blank | J11: U003 | K11: Card | L11: =IF(AND(I11="APAC", F11>5000), 1, IF(AND(I11="AU", F11>6000), 1, IF(AND(I11="US", F11>7000), 1, 0))) -> 0 | M11: =IF(OR(H11>=70, ISNUMBER(SEARCH("chargeback", G11))), 1, 0) -> 1
A12: T011 | B12: =TEXT(transaction_raw!B12, "yyyy/mm/dd") -> 2026/03/03 | C12: =PROPER(TRIM(transaction_raw!C12)) -> Alpha Mart | D12: 195000 | E12: INR | F12: =D12 * SUMIFS(exchange_rates!$C$2:$C$19, exchange_rates!$A$2:$A$19, transaction_cleaned!B12, exchange_rates!$B$2:$B$19, transaction_cleaned!E12) -> 2359.5 | G12: =IF(COUNTIF(transaction_raw!F12, "*chargeback*"), "chargeback", IF(COUNTIF(transaction_raw!F12, "*fail*"), "failed", "captured")) -> failed | H12: =IF(transaction_raw!G12="", "blank", IF(ISNUMBER(transaction_raw!G12), transaction_raw!G12, VALUE(RIGHT(transaction_raw!G12, 2)))) -> blank | I12: =IF(transaction_raw!H12 = "", "blank", TRIM(UPPER(transaction_raw!H12))) -> blank | J12: U008 | K12: UPI | L12: =IF(AND(I12="APAC", F12>5000), 1, IF(AND(I12="AU", F12>6000), 1, IF(AND(I12="US", F12>7000), 1, 0))) -> 0 | M12: =IF(OR(H12>=70, ISNUMBER(SEARCH("chargeback", G12))), 1, 0) -> 1
A13: T012 | B13: =TEXT(transaction_raw!B13, "yyyy/mm/dd") -> 2026/03/04 | C13: =PROPER(TRIM(transaction_raw!C13)) -> Beta Stores | D13: 250000 | E13: INR | F13: =D13 * SUMIFS(exchange_rates!$C$2:$C$19, exchange_rates!$A$2:$A$19, transaction_cleaned!B13, exchange_rates!$B$2:$B$19, transaction_cleaned!E13) -> 3000 | G13: =IF(COUNTIF(transaction_raw!F13, "*chargeback*"), "chargeback", IF(COUNTIF(transaction_raw!F13, "*fail*"), "failed", "captured")) -> captured | H13: =IF(transaction_raw!G13="", "blank", IF(ISNUMBER(transaction_raw!G13), transaction_raw!G13, VALUE(RIGHT(transaction_raw!G13, 2)))) -> 61 | I13: =IF(transaction_raw!H13 = "", "blank", TRIM(UPPER(transaction_raw!H13))) -> APAC | J13: U009 | K13: Card | L13: =IF(AND(I13="APAC", F13>5000), 1, IF(AND(I13="AU", F13>6000), 1, IF(AND(I13="US", F13>7000), 1, 0))) -> 0 | M13: =IF(OR(H13>=70, ISNUMBER(SEARCH("chargeback", G13))), 1, 0) -> 0
... A31: T030 | B31: =TEXT(transaction_raw!B31, "yyyy/mm/dd") -> 2026/03/06 | C31: =PROPER(TRIM(transaction_raw!C31)) -> Delta Travels | D31: 1800 | E31: USD | F31: =D31 * SUMIFS(exchange_rates!$C$2:$C$19, exchange_rates!$A$2:$A$19, transaction_cleaned!B31, exchange_rates!$B$2:$B$19, transaction_cleaned!E31) -> 1800 | G31: =IF(COUNTIF(transaction_raw!F31, "*chargeback*"), "chargeback", IF(COUNTIF(transaction_raw!F31, "*fail*"), "failed", "captured")) -> failed | H31: =IF(transaction_raw!G31="", "blank", IF(ISNUMBER(transaction_raw!G31), transaction_raw!G31, VALUE(RIGHT(transaction_raw!G31, 2)))) -> 47 | I31: =IF(transaction_raw!H31 = "", "blank", TRIM(UPPER(transaction_raw!H31))) -> US | J31: U010 | K31: UPI | L31: =IF(AND(I31="APAC", F31>5000), 1, IF(AND(I31="AU", F31>6000), 1, IF(AND(I31="US", F31>7000), 1, 0))) -> 0 | M31: =IF(OR(H31>=70, ISNUMBER(SEARCH("chargeback", G31))), 1, 0) -> 0

Sheet exchange_rates
A1: rate_date | B1: currency | C1: usd_rate
A2: 46082 | B2: INR | C2: 0.0119
A3: 46082 | B3: EUR | C3: 1.08
A4: 46082 | B4: USD | C4: 1
A5: 46083 | B5: INR | C5: 0.012
A6: 46083 | B6: EUR | C6: 1.09
A7: 46083 | B7: USD | C7: 1
A8: 46084 | B8: INR | C8: 0.0121
A9: 46084 | B9: EUR | C9: 1.08
A10: 46084 | B10: USD | C10: 1
A11: 46085 | B11: INR | C11: 0.012
A12: 46085 | B12: EUR | C12: 1.07
A13: 46085 | B13: USD | C13: 1
... A19: 46087 | B19: USD | C19: 1

Sheet merchant_master
A1: merchant_id | B1: merchant_name | C1: account_manager | D1: merchant_category | E1: default_region
A2: M001 | B2: Alpha Mart | C2: Aisha Khan | D2: Grocery | E2: APAC
A3: M002 | B3: Beta Stores | C3: Rohan Mehta | D3: Electronics | E3: APAC
A4: M003 | B4: City Pharma | C4: Elena Rossi | D4: Healthcare | E4: EU
A5: M004 | B5: Delta Travels | C5: Marcus Lee | D5: Travel | E5: US
A6: M005 | B6: Eco Home | C6: Nina Weber | D6: Home | E6: EU
